장소명,분류,주소,위도,경도,운영시간
남산서울타워,문화/체육,서울특별시 용산구 남산공원길 105,37.5511225714939,126.987867837993,연중무휴 * 타워내 개별시설 운영시간 상이
장충체육관,문화/체육,서울특별시 중구 동호로 241,37.5586406607183,127.006677513121,평일 : 9:00 ~18:00 / 주말 : 경기 또는 행사시 운영시간에 따라 상이
용양봉저정 공원,공원/광장,서울 동작구 본동 산 3-9,37.5118003827004,126.958588093172,운영 제한 없음
창경궁,문화/체육,서울특별시 종로구 창경궁로 185,37.579412935392185,126.9952225538888,"화~일 09:00~21:00 * 매주 월요일 정기휴관, 계절별 운영시간 상이"
서울어린이대공원 내 서울상상나라,공원/광장,서울특별시 광진구 능동로 216,37.5520117940291,127.078770241307,5:00~22:00 (연중무휴)
창덕궁,문화/체육,서울특별시 종로구 율곡로 99,37.57950279094907,126.99103378705136,"화~일 09:00~18:00 * 매주 월요일 정기휴관, 계절별 운영시간 상이"
여의도한강공원 물빛광장,공공시설,서울 영등포구 여의도동 84-9,37.5312466908117,126.928686496763,"성수기(7~8월), (정각 마다 30분) 12:00 ~ 21:00(10회), 비수기(4~6월, 9~10월) (매회 30분) 12:00, 17:00, 18:00, 19:00, 20:00(5회) "
뚝섬 자벌레(한강이야기전시관),공공시설,서울특별시 광진구 강변북로 2202,37.5308773153076,127.065983191885,월요일 휴관 / 화~금 9:00~18:00 / 토~일 9:00~20:00
청계천,공원/광장,서울 중구 태평로 1가 1,37.56915554121704,126.97871950992456,24시간 연중무휴(강우예보 및 우천시 출입통졔)
성수대교,공공시설,서울 성동구 옥수동 484,37.53617802719353,127.03489368057885,일몰 30분후 점등 ~ 23:00 소등
마포대교,공공시설,서울 영등포구 여의도동 85-2,37.5324287051867,126.935734355376,일몰 30분후 점등 ~ 23:00 소등
난지거울분수,공공시설,서울 마포구 상암동 1536-1,37.5599345342961,126.88981563725,"성수기(7~8월) (매시 정각 20분) 12:00 ~ 21:00(10회) 비수기(4~6월, 9~10월) (매회 20분) 12:00, 17:00, 18:00, 19:00, 20:00(5회) "
이촌한강공원,공공시설,서울특별시 용산구 이촌로72길 62,37.517820588578,126.970850893942,상시
남산공원 백범광장- 서울한양도성 성곽,공원/광장,서울 중구 회현동1가 산 1-44,37.5550484830696,126.98043243063,상시개방
사육신공원,공원/광장,서울특별시 동작구 노량진로 191,37.5134579901091,126.949411135441,운영 제한 없음
월드컵대교,공공시설,서울 마포구 상암동 1541,37.5573505544798,126.884431803276,일몰 30분후 점등 ~ 23:00 소등
문화비축기지,공원/광장,서울특별시 마포구 증산로 87,37.5703466887615,126.895031420115,"야외공원 24시간 개방, 탱크 T1~T6 화~일요일 10:00~18:00 (월요일 휴관)"
숭례문(남대문),문화/체육,서울특별시 중구 세종대로 40,37.5599277853801,126.975359779271,화~일 09:00~18:00 * 매주월요일 정기휴관
서울월드컵경기장,문화/체육,서울특별시 마포구 월드컵로 240,37.5682884450841,126.897273034482,09시 ~ 18시 * 주말 경기/행사 시 상이
노들섬복합문화공간,공원/광장,서울특별시 용산구 양녕로 445,37.5176638307111,126.958036465507,"화~금 10:00~21:00, 주말, 공휴일 10:00~22:00"
광화문광장(광화문),공원/광장,서울특별시 종로구 세종대로 172,37.5716228232824,126.976787992565,연중무휴
하늘공원(월드컵공원내),공원/광장,서울특별시 마포구 하늘공원로 95,37.5690794796181,126.886318397942,월별 운영시간 상이 (하단 공원소개 내용 참조)
동대문디자인플라자(DDP),문화/체육,서울특별시 중구 을지로 281,37.56769968798189,127.00984769474135,"10:00 ~ 20:00 (공간별 운영시간 상이, 홈페이지 참조)"
경복궁,문화/체육,서울특별시 종로구 사직로 161,37.5759040910202,126.976842133821,"1월~2월, 11월~12월 09:00~17:00, 3월~5월, 9월~10월 09:00~18:00, 6월~8월 09:00~18:30"
서울로미디어캔버스,공공시설,서울특별시 중구 만리재로 215,37.5566331857979,126.968148438254,18:00 -23:00
덕수궁,문화/체육,서울특별시 중구 세종대로 99,37.5656250952955,126.97469099468876,09:00~21:00 (입장마감 20:00)  * 월요일 휴무
반포대교 달빛무지개 분수,공공시설,서울 서초구 반포동 647,37.5145518124606,126.997949287136,"성수기(7~8월) 12:00, 19:30, 20:00, 20:30, 21:00, 21:30, 비수기(4~6월, 9~10월) 12:00, 19:30, 20:00, 20:30, 21:00  "
서울어린이대공원 팔각당 오름광장,공원/광장,서울특별시 광진구 능동로 216,37.5520117940291,127.078770241307,5:00~22:00 (연중무휴)
올림픽대교,공공시설,서울 송파구 신천동 250-1,37.535968547207,127.105516076607,11~ 4월 : 일몰 30분 후 점등 ~ 23:00 소등 / 5 ~ 10월 : 일몰 30분 후 점등 ~ 24:00 소등
세빛섬,문화/체육,서울특별시 서초구 올림픽대로 2085-14,37.5124362037118,126.995962256954,개별시설별 운영시간 상이
서울함 공원,공원/광장,서울특별시 마포구 마포나루길 407,37.5557880616618,126.893953718935,"하절기(3월-10월) 평일 10:00~19:00 / 주말,공휴일 10:00~20:00 동절기(11월-2월) 평일 10:00~18:00 / 주말,공휴일 10:00~18:00"
낙산공원 - 한양도성 성곽길,공원/광장,서울특별시 종로구 낙산성곽서길 173,37.579840084989,127.008253028696,상시개방
아뜰리에 광화,문화/체육,서울특별시 종로구 세종대로 175,37.5718478584908,126.976168275947,일몰후~ 23:00
당산철교,공공시설,서울 영등포구 여의도동 80-3,37.54021916440686,126.90710358297696,일몰 30분후 점등 ~ 23:00 소등
세종문화회관,문화/체육,서울특별시 종로구 세종대로 175,37.5718478584908,126.976168275947,월별 운영시간 상이
한강대교,공공시설,서울특별시 용산구 이촌로29길 1-11,37.5276608637794,126.962182447512,일몰 30분후 점등 ~ 23:00 소등
동작대교,공공시설,서울 용산구 이촌동 385,37.51007066016623,126.98138294783692,일몰 30분후 점등 ~ 23:00 소등
서울시립미술관 서소문본관,공공시설,서울특별시 중구 덕수궁길 61,37.5641060692766,126.973699316136,"화~금 10:00~20:00 / 토, 일, 공휴일 하절기 10:00~19:00, 동절기 10:00~18:00 * 휴관 : 1월 1일, 매주 월요일"
서울식물원,공원/광장,서울특별시 강서구 마곡동로 161,37.5722444079878,126.83284283132,하절기(3월~10월) : 09:30~18:00(매표마감 17:00) 동절기(11월~2월) : 09:30~17:00(매표마감 16:00) * 매주 월요일 휴관
덕수궁 돌담길,가로/마을,서울특별시 중구 세종대로 99,37.564976656898445,126.97602682975976,연중무휴 
광진교 8번가,문화/체육,서울 강동구 천호동 527-2,37.5451462595072,127.112687934633,"4월~10월(12:00~20:00), 3월,11월(12:00~18:00)"
고척스카이돔,문화/체육,서울특별시 구로구 경인로 430,37.4982125677913,126.867088741096,연중
서울어린이대공원 후문 선형공원,공원/광장,서울특별시 광진구 능동로 216,37.5520117940291,127.078770241307,05:00~22:00 (연중무휴)
뚝섬 음악분수,공공시설,서울 광진구 자양동 435,37.5278618984384,127.073807096279,"성수기(7~8월) (정각 마다 20분) 12:00 ~ 21:00(10회), 비수기(4~6월, 9~10월) (매회 20분) 12:00, 17:00, 18:00, 19:00, 20:00 (5회) "
석촌호수 루미나리에(송파나루공원),공원/광장,서울 송파구 잠실동 22-6,37.50908125167648,127.10290138635898,17:30~22:30 (루미나리에 축제 경관조명 점등 시간)
동호대교,공공시설,서울 성동구 옥수동 86,37.53866839156651,127.01914464062271,일몰 30분후 점등 ~ 23:00 소등
선유도공원,공원/광장,서울특별시 영등포구 선유로 343,37.5423832345578,126.901819342041,06:00 - 24:00
송파책박물관,문화/체육,서울특별시 송파구 송파대로37길 77,37.4988841772964,127.104383431798,"10:00 ~ 18:00 화, 수, 목, 금, 토, 일요일(입장마감 : 폐관 30분전) ※ 휴관일 : 매주 월요일, 1월 1일, 설날 및 추석 당일"
노원불빛정원(화랑대철도공원 내),공원/광장,서울특별시 노원구 화랑로 608,37.6244509765399,127.093089721731,"화~일요일, 일몰전 30분~22:00 ※ 월요일 휴무 "
서울어린이대공원 음악분수,공원/광장,서울특별시 광진구 능동로 216,37.5520117940291,127.078770241307,5:00~22:00 (연중무휴)
성산대교,공공시설,서울 마포구 망원동 306-53,37.5514767278681,126.891604816192,일몰 30분후 점등 ~ 23:00 소등
